[
  {
    "model": "admin.logentry",
    "pk": 1,
    "fields": {
      "action_time": "2020-10-08T14:01:15.668Z",
      "user": 1,
      "content_type": 8,
      "object_id": "1",
      "object_repr": "Topic object (1)",
      "action_flag": 1,
      "change_message": "[{\"added\": {}}]"
    }
  },
  {
    "model": "admin.logentry",
    "pk": 2,
    "fields": {
      "action_time": "2020-10-08T14:01:20.176Z",
      "user": 1,
      "content_type": 8,
      "object_id": "2",
      "object_repr": "Topic object (2)",
      "action_flag": 1,
      "change_message": "[{\"added\": {}}]"
    }
  },
  {
    "model": "admin.logentry",
    "pk": 3,
    "fields": {
      "action_time": "2020-10-08T14:01:27.163Z",
      "user": 1,
      "content_type": 8,
      "object_id": "3",
      "object_repr": "Topic object (3)",
      "action_flag": 1,
      "change_message": "[{\"added\": {}}]"
    }
  },
  {
    "model": "admin.logentry",
    "pk": 4,
    "fields": {
      "action_time": "2020-10-08T14:01:32.241Z",
      "user": 1,
      "content_type": 8,
      "object_id": "4",
      "object_repr": "Topic object (4)",
      "action_flag": 1,
      "change_message": "[{\"added\": {}}]"
    }
  },
  {
    "model": "admin.logentry",
    "pk": 5,
    "fields": {
      "action_time": "2020-10-08T14:01:36.877Z",
      "user": 1,
      "content_type": 8,
      "object_id": "5",
      "object_repr": "Topic object (5)",
      "action_flag": 1,
      "change_message": "[{\"added\": {}}]"
    }
  },
  {
    "model": "admin.logentry",
    "pk": 6,
    "fields": {
      "action_time": "2020-10-08T14:03:36.540Z",
      "user": 1,
      "content_type": 7,
      "object_id": "1",
      "object_repr": "Course object (1)",
      "action_flag": 1,
      "change_message": "[{\"added\": {}}]"
    }
  },
  {
    "model": "admin.logentry",
    "pk": 7,
    "fields": {
      "action_time": "2020-10-08T14:03:49.161Z",
      "user": 1,
      "content_type": 7,
      "object_id": "2",
      "object_repr": "Course object (2)",
      "action_flag": 1,
      "change_message": "[{\"added\": {}}]"
    }
  },
  {
    "model": "admin.logentry",
    "pk": 8,
    "fields": {
      "action_time": "2020-10-08T14:04:25.854Z",
      "user": 1,
      "content_type": 7,
      "object_id": "3",
      "object_repr": "Course object (3)",
      "action_flag": 1,
      "change_message": "[{\"added\": {}}]"
    }
  },
  {
    "model": "admin.logentry",
    "pk": 9,
    "fields": {
      "action_time": "2020-10-08T14:07:02.957Z",
      "user": 1,
      "content_type": 7,
      "object_id": "4",
      "object_repr": "Course object (4)",
      "action_flag": 1,
      "change_message": "[{\"added\": {}}]"
    }
  },
  {
    "model": "admin.logentry",
    "pk": 10,
    "fields": {
      "action_time": "2020-10-08T14:07:20.313Z",
      "user": 1,
      "content_type": 7,
      "object_id": "5",
      "object_repr": "Course object (5)",
      "action_flag": 1,
      "change_message": "[{\"added\": {}}]"
    }
  },
  {
    "model": "admin.logentry",
    "pk": 11,
    "fields": {
      "action_time": "2020-10-08T14:07:37.345Z",
      "user": 1,
      "content_type": 7,
      "object_id": "6",
      "object_repr": "Course object (6)",
      "action_flag": 1,
      "change_message": "[{\"added\": {}}]"
    }
  },
  {
    "model": "admin.logentry",
    "pk": 12,
    "fields": {
      "action_time": "2020-10-08T14:07:58.062Z",
      "user": 1,
      "content_type": 7,
      "object_id": "7",
      "object_repr": "Course object (7)",
      "action_flag": 1,
      "change_message": "[{\"added\": {}}]"
    }
  },
  {
    "model": "admin.logentry",
    "pk": 13,
    "fields": {
      "action_time": "2020-10-08T14:08:08.833Z",
      "user": 1,
      "content_type": 7,
      "object_id": "6",
      "object_repr": "Course object (6)",
      "action_flag": 2,
      "change_message": "[]"
    }
  },
  {
    "model": "admin.logentry",
    "pk": 14,
    "fields": {
      "action_time": "2020-10-08T14:08:34.430Z",
      "user": 1,
      "content_type": 7,
      "object_id": "8",
      "object_repr": "Course object (8)",
      "action_flag": 1,
      "change_message": "[{\"added\": {}}]"
    }
  },
  {
    "model": "admin.logentry",
    "pk": 15,
    "fields": {
      "action_time": "2020-10-08T14:08:50.940Z",
      "user": 1,
      "content_type": 7,
      "object_id": "9",
      "object_repr": "Course object (9)",
      "action_flag": 1,
      "change_message": "[{\"added\": {}}]"
    }
  },
  {
    "model": "admin.logentry",
    "pk": 16,
    "fields": {
      "action_time": "2020-10-08T14:09:12.026Z",
      "user": 1,
      "content_type": 7,
      "object_id": "10",
      "object_repr": "Course object (10)",
      "action_flag": 1,
      "change_message": "[{\"added\": {}}]"
    }
  },
  {
    "model": "admin.logentry",
    "pk": 17,
    "fields": {
      "action_time": "2020-10-08T14:27:54.457Z",
      "user": 1,
      "content_type": 7,
      "object_id": "11",
      "object_repr": "Course object (11)",
      "action_flag": 1,
      "change_message": "[{\"added\": {}}]"
    }
  },
  {
    "model": "admin.logentry",
    "pk": 18,
    "fields": {
      "action_time": "2020-10-08T14:27:59.388Z",
      "user": 1,
      "content_type": 7,
      "object_id": "11",
      "object_repr": "Course object (11)",
      "action_flag": 2,
      "change_message": "[{\"changed\": {\"fields\": [\"For everyone\"]}}]"
    }
  },
  {
    "model": "admin.logentry",
    "pk": 19,
    "fields": {
      "action_time": "2020-10-08T14:28:20.900Z",
      "user": 1,
      "content_type": 7,
      "object_id": "12",
      "object_repr": "Course object (12)",
      "action_flag": 1,
      "change_message": "[{\"added\": {}}]"
    }
  },
  {
    "model": "admin.logentry",
    "pk": 20,
    "fields": {
      "action_time": "2020-10-08T14:28:35.460Z",
      "user": 1,
      "content_type": 7,
      "object_id": "13",
      "object_repr": "Course object (13)",
      "action_flag": 1,
      "change_message": "[{\"added\": {}}]"
    }
  },
  {
    "model": "admin.logentry",
    "pk": 21,
    "fields": {
      "action_time": "2020-10-08T14:28:50.811Z",
      "user": 1,
      "content_type": 7,
      "object_id": "14",
      "object_repr": "Course object (14)",
      "action_flag": 1,
      "change_message": "[{\"added\": {}}]"
    }
  },
  {
    "model": "admin.logentry",
    "pk": 22,
    "fields": {
      "action_time": "2020-10-08T14:29:08.128Z",
      "user": 1,
      "content_type": 7,
      "object_id": "15",
      "object_repr": "Course object (15)",
      "action_flag": 1,
      "change_message": "[{\"added\": {}}]"
    }
  },
  {
    "model": "admin.logentry",
    "pk": 23,
    "fields": {
      "action_time": "2020-10-08T14:29:24.467Z",
      "user": 1,
      "content_type": 7,
      "object_id": "16",
      "object_repr": "Course object (16)",
      "action_flag": 1,
      "change_message": "[{\"added\": {}}]"
    }
  },
  {
    "model": "admin.logentry",
    "pk": 24,
    "fields": {
      "action_time": "2020-10-08T14:29:38.328Z",
      "user": 1,
      "content_type": 7,
      "object_id": "17",
      "object_repr": "Course object (17)",
      "action_flag": 1,
      "change_message": "[{\"added\": {}}]"
    }
  },
  {
    "model": "admin.logentry",
    "pk": 25,
    "fields": {
      "action_time": "2020-10-08T14:35:59.353Z",
      "user": 1,
      "content_type": 7,
      "object_id": "18",
      "object_repr": "Course object (18)",
      "action_flag": 1,
      "change_message": "[{\"added\": {}}]"
    }
  },
  {
    "model": "admin.logentry",
    "pk": 26,
    "fields": {
      "action_time": "2020-10-13T00:09:05.564Z",
      "user": 1,
      "content_type": 7,
      "object_id": "18",
      "object_repr": "Course object (18)",
      "action_flag": 3,
      "change_message": ""
    }
  },
  {
    "model": "admin.logentry",
    "pk": 27,
    "fields": {
      "action_time": "2020-10-13T01:14:06.202Z",
      "user": 1,
      "content_type": 9,
      "object_id": "2",
      "object_repr": "john",
      "action_flag": 1,
      "change_message": "[{\"added\": {}}]"
    }
  },
  {
    "model": "admin.logentry",
    "pk": 28,
    "fields": {
      "action_time": "2020-10-13T01:16:30.582Z",
      "user": 1,
      "content_type": 9,
      "object_id": "3",
      "object_repr": "mary",
      "action_flag": 1,
      "change_message": "[{\"added\": {}}]"
    }
  },
  {
    "model": "admin.logentry",
    "pk": 29,
    "fields": {
      "action_time": "2020-10-13T01:17:35.891Z",
      "user": 1,
      "content_type": 9,
      "object_id": "4",
      "object_repr": "alan",
      "action_flag": 1,
      "change_message": "[{\"added\": {}}]"
    }
  },
  {
    "model": "admin.logentry",
    "pk": 30,
    "fields": {
      "action_time": "2020-10-13T01:18:26.896Z",
      "user": 1,
      "content_type": 9,
      "object_id": "5",
      "object_repr": "josh",
      "action_flag": 1,
      "change_message": "[{\"added\": {}}]"
    }
  },
  {
    "model": "admin.logentry",
    "pk": 31,
    "fields": {
      "action_time": "2020-10-13T01:19:29.958Z",
      "user": 1,
      "content_type": 9,
      "object_id": "6",
      "object_repr": "chris",
      "action_flag": 1,
      "change_message": "[{\"added\": {}}]"
    }
  },
  {
    "model": "admin.logentry",
    "pk": 32,
    "fields": {
      "action_time": "2020-10-13T01:20:15.402Z",
      "user": 1,
      "content_type": 10,
      "object_id": "1",
      "object_repr": "john",
      "action_flag": 1,
      "change_message": "[{\"added\": {}}]"
    }
  },
  {
    "model": "admin.logentry",
    "pk": 33,
    "fields": {
      "action_time": "2020-10-13T01:20:31.052Z",
      "user": 1,
      "content_type": 10,
      "object_id": "2",
      "object_repr": "alan",
      "action_flag": 1,
      "change_message": "[{\"added\": {}}]"
    }
  },
  {
    "model": "admin.logentry",
    "pk": 34,
    "fields": {
      "action_time": "2020-10-13T01:21:16.403Z",
      "user": 1,
      "content_type": 10,
      "object_id": "3",
      "object_repr": "chris",
      "action_flag": 1,
      "change_message": "[{\"added\": {}}]"
    }
  },
  {
    "model": "admin.logentry",
    "pk": 35,
    "fields": {
      "action_time": "2020-10-13T01:21:35.013Z",
      "user": 1,
      "content_type": 10,
      "object_id": "1",
      "object_repr": "john",
      "action_flag": 2,
      "change_message": "[{\"changed\": {\"fields\": [\"Courses\"]}}]"
    }
  },
  {
    "model": "admin.logentry",
    "pk": 36,
    "fields": {
      "action_time": "2020-10-13T19:07:43.110Z",
      "user": 1,
      "content_type": 8,
      "object_id": "4",
      "object_repr": "Sports [ 8 Week ]",
      "action_flag": 2,
      "change_message": "[{\"changed\": {\"fields\": [\"Length\"]}}]"
    }
  },
  {
    "model": "admin.logentry",
    "pk": 37,
    "fields": {
      "action_time": "2020-10-13T19:07:51.533Z",
      "user": 1,
      "content_type": 8,
      "object_id": "3",
      "object_repr": "IT Certification [ 14 Week ]",
      "action_flag": 2,
      "change_message": "[{\"changed\": {\"fields\": [\"Length\"]}}]"
    }
  },
  {
    "model": "admin.logentry",
    "pk": 38,
    "fields": {
      "action_time": "2020-10-13T19:07:59.824Z",
      "user": 1,
      "content_type": 8,
      "object_id": "1",
      "object_repr": "Web Development [ 10 Week ]",
      "action_flag": 2,
      "change_message": "[{\"changed\": {\"fields\": [\"Length\"]}}]"
    }
  },
  {
    "model": "admin.logentry",
    "pk": 39,
    "fields": {
      "action_time": "2020-12-04T01:52:22.666Z",
      "user": 1,
      "content_type": 10,
      "object_id": "14",
      "object_repr": "josh | Jones, Josh",
      "action_flag": 3,
      "change_message": ""
    }
  },
  {
    "model": "admin.logentry",
    "pk": 40,
    "fields": {
      "action_time": "2020-12-04T01:52:22.675Z",
      "user": 1,
      "content_type": 10,
      "object_id": "13",
      "object_repr": "mary | Jones, Mary",
      "action_flag": 3,
      "change_message": ""
    }
  },
  {
    "model": "admin.logentry",
    "pk": 41,
    "fields": {
      "action_time": "2020-12-04T01:52:22.684Z",
      "user": 1,
      "content_type": 10,
      "object_id": "12",
      "object_repr": "john | Smith, John",
      "action_flag": 3,
      "change_message": ""
    }
  },
  {
    "model": "admin.logentry",
    "pk": 42,
    "fields": {
      "action_time": "2020-12-04T01:52:22.693Z",
      "user": 1,
      "content_type": 10,
      "object_id": "11",
      "object_repr": "alan | George, Alan",
      "action_flag": 3,
      "change_message": ""
    }
  },
  {
    "model": "admin.logentry",
    "pk": 43,
    "fields": {
      "action_time": "2020-12-04T01:52:22.702Z",
      "user": 1,
      "content_type": 10,
      "object_id": "10",
      "object_repr": "mary | Jones, Mary",
      "action_flag": 3,
      "change_message": ""
    }
  },
  {
    "model": "admin.logentry",
    "pk": 44,
    "fields": {
      "action_time": "2020-12-04T01:52:22.710Z",
      "user": 1,
      "content_type": 10,
      "object_id": "9",
      "object_repr": "chris | Hall, Chris",
      "action_flag": 3,
      "change_message": ""
    }
  },
  {
    "model": "admin.logentry",
    "pk": 45,
    "fields": {
      "action_time": "2020-12-04T01:52:22.718Z",
      "user": 1,
      "content_type": 10,
      "object_id": "8",
      "object_repr": "chris | Hall, Chris",
      "action_flag": 3,
      "change_message": ""
    }
  },
  {
    "model": "admin.logentry",
    "pk": 46,
    "fields": {
      "action_time": "2020-12-04T01:52:22.727Z",
      "user": 1,
      "content_type": 10,
      "object_id": "7",
      "object_repr": "josh | Jones, Josh",
      "action_flag": 3,
      "change_message": ""
    }
  },
  {
    "model": "admin.logentry",
    "pk": 47,
    "fields": {
      "action_time": "2020-12-04T01:52:22.738Z",
      "user": 1,
      "content_type": 10,
      "object_id": "6",
      "object_repr": "mary | Jones, Mary",
      "action_flag": 3,
      "change_message": ""
    }
  },
  {
    "model": "admin.logentry",
    "pk": 48,
    "fields": {
      "action_time": "2020-12-04T01:52:22.745Z",
      "user": 1,
      "content_type": 10,
      "object_id": "5",
      "object_repr": "john | Smith, John",
      "action_flag": 3,
      "change_message": ""
    }
  },
  {
    "model": "admin.logentry",
    "pk": 49,
    "fields": {
      "action_time": "2020-12-04T01:52:22.756Z",
      "user": 1,
      "content_type": 10,
      "object_id": "4",
      "object_repr": "john | Smith, John",
      "action_flag": 3,
      "change_message": ""
    }
  },
  {
    "model": "admin.logentry",
    "pk": 50,
    "fields": {
      "action_time": "2020-12-04T01:52:22.768Z",
      "user": 1,
      "content_type": 10,
      "object_id": "3",
      "object_repr": "chris | Hall, Chris",
      "action_flag": 3,
      "change_message": ""
    }
  },
  {
    "model": "admin.logentry",
    "pk": 51,
    "fields": {
      "action_time": "2020-12-04T01:52:22.776Z",
      "user": 1,
      "content_type": 10,
      "object_id": "2",
      "object_repr": "alan | George, Alan",
      "action_flag": 3,
      "change_message": ""
    }
  },
  {
    "model": "admin.logentry",
    "pk": 52,
    "fields": {
      "action_time": "2020-12-04T01:52:22.787Z",
      "user": 1,
      "content_type": 10,
      "object_id": "1",
      "object_repr": "john | Smith, John",
      "action_flag": 3,
      "change_message": ""
    }
  },
  {
    "model": "admin.logentry",
    "pk": 53,
    "fields": {
      "action_time": "2020-12-04T01:53:15.506Z",
      "user": 1,
      "content_type": 10,
      "object_id": "15",
      "object_repr": "alan | George, Alan",
      "action_flag": 2,
      "change_message": "[{\"changed\": {\"fields\": [\"Courses\"]}}]"
    }
  },
  {
    "model": "admin.logentry",
    "pk": 54,
    "fields": {
      "action_time": "2020-12-04T01:54:13.995Z",
      "user": 1,
      "content_type": 10,
      "object_id": "15",
      "object_repr": "alan | George, Alan",
      "action_flag": 2,
      "change_message": "[{\"changed\": {\"fields\": [\"Courses\"]}}]"
    }
  },
  {
    "model": "admin.logentry",
    "pk": 55,
    "fields": {
      "action_time": "2020-12-04T02:39:09.207Z",
      "user": 1,
      "content_type": 10,
      "object_id": "27",
      "object_repr": "alan | George, Alan",
      "action_flag": 3,
      "change_message": ""
    }
  },
  {
    "model": "admin.logentry",
    "pk": 56,
    "fields": {
      "action_time": "2020-12-04T02:39:09.215Z",
      "user": 1,
      "content_type": 10,
      "object_id": "26",
      "object_repr": "john | Smith, John",
      "action_flag": 3,
      "change_message": ""
    }
  },
  {
    "model": "admin.logentry",
    "pk": 57,
    "fields": {
      "action_time": "2020-12-04T02:39:09.227Z",
      "user": 1,
      "content_type": 10,
      "object_id": "25",
      "object_repr": "chris | Hall, Chris",
      "action_flag": 3,
      "change_message": ""
    }
  },
  {
    "model": "admin.logentry",
    "pk": 58,
    "fields": {
      "action_time": "2020-12-04T02:39:09.236Z",
      "user": 1,
      "content_type": 10,
      "object_id": "24",
      "object_repr": "alan | George, Alan",
      "action_flag": 3,
      "change_message": ""
    }
  },
  {
    "model": "admin.logentry",
    "pk": 59,
    "fields": {
      "action_time": "2020-12-04T02:39:09.251Z",
      "user": 1,
      "content_type": 10,
      "object_id": "23",
      "object_repr": "mary | Jones, Mary",
      "action_flag": 3,
      "change_message": ""
    }
  },
  {
    "model": "admin.logentry",
    "pk": 60,
    "fields": {
      "action_time": "2020-12-04T02:39:09.260Z",
      "user": 1,
      "content_type": 10,
      "object_id": "22",
      "object_repr": "chris | Hall, Chris",
      "action_flag": 3,
      "change_message": ""
    }
  },
  {
    "model": "admin.logentry",
    "pk": 61,
    "fields": {
      "action_time": "2020-12-04T02:39:09.267Z",
      "user": 1,
      "content_type": 10,
      "object_id": "21",
      "object_repr": "alan | George, Alan",
      "action_flag": 3,
      "change_message": ""
    }
  },
  {
    "model": "admin.logentry",
    "pk": 62,
    "fields": {
      "action_time": "2020-12-04T02:39:09.278Z",
      "user": 1,
      "content_type": 10,
      "object_id": "20",
      "object_repr": "mary | Jones, Mary",
      "action_flag": 3,
      "change_message": ""
    }
  },
  {
    "model": "admin.logentry",
    "pk": 63,
    "fields": {
      "action_time": "2020-12-04T02:39:09.289Z",
      "user": 1,
      "content_type": 10,
      "object_id": "19",
      "object_repr": "mary | Jones, Mary",
      "action_flag": 3,
      "change_message": ""
    }
  },
  {
    "model": "admin.logentry",
    "pk": 64,
    "fields": {
      "action_time": "2020-12-04T02:39:09.297Z",
      "user": 1,
      "content_type": 10,
      "object_id": "18",
      "object_repr": "chris | Hall, Chris",
      "action_flag": 3,
      "change_message": ""
    }
  },
  {
    "model": "admin.logentry",
    "pk": 65,
    "fields": {
      "action_time": "2020-12-04T02:39:09.306Z",
      "user": 1,
      "content_type": 10,
      "object_id": "17",
      "object_repr": "josh | Jones, Josh",
      "action_flag": 3,
      "change_message": ""
    }
  },
  {
    "model": "admin.logentry",
    "pk": 66,
    "fields": {
      "action_time": "2020-12-04T02:39:09.314Z",
      "user": 1,
      "content_type": 10,
      "object_id": "16",
      "object_repr": "alan | George, Alan",
      "action_flag": 3,
      "change_message": ""
    }
  },
  {
    "model": "admin.logentry",
    "pk": 67,
    "fields": {
      "action_time": "2020-12-04T02:39:09.323Z",
      "user": 1,
      "content_type": 10,
      "object_id": "15",
      "object_repr": "alan | George, Alan",
      "action_flag": 3,
      "change_message": ""
    }
  },
  {
    "model": "admin.logentry",
    "pk": 68,
    "fields": {
      "action_time": "2020-12-09T00:22:03.719Z",
      "user": 1,
      "content_type": 4,
      "object_id": "4",
      "object_repr": "alan",
      "action_flag": 2,
      "change_message": "[{\"changed\": {\"fields\": [\"password\"]}}]"
    }
  },
  {
    "model": "admin.logentry",
    "pk": 69,
    "fields": {
      "action_time": "2020-12-13T22:02:20.980Z",
      "user": 1,
      "content_type": 4,
      "object_id": "1",
      "object_repr": "imananoosheh",
      "action_flag": 2,
      "change_message": "[{\"changed\": {\"fields\": [\"First name\"]}}]"
    }
  },
  {
    "model": "auth.permission",
    "pk": 1,
    "fields": {
      "name": "Can add log entry",
      "content_type": 1,
      "codename": "add_logentry"
    }
  },
  {
    "model": "auth.permission",
    "pk": 2,
    "fields": {
      "name": "Can change log entry",
      "content_type": 1,
      "codename": "change_logentry"
    }
  },
  {
    "model": "auth.permission",
    "pk": 3,
    "fields": {
      "name": "Can delete log entry",
      "content_type": 1,
      "codename": "delete_logentry"
    }
  },
  {
    "model": "auth.permission",
    "pk": 4,
    "fields": {
      "name": "Can view log entry",
      "content_type": 1,
      "codename": "view_logentry"
    }
  },
  {
    "model": "auth.permission",
    "pk": 5,
    "fields": {
      "name": "Can add permission",
      "content_type": 2,
      "codename": "add_permission"
    }
  },
  {
    "model": "auth.permission",
    "pk": 6,
    "fields": {
      "name": "Can change permission",
      "content_type": 2,
      "codename": "change_permission"
    }
  },
  {
    "model": "auth.permission",
    "pk": 7,
    "fields": {
      "name": "Can delete permission",
      "content_type": 2,
      "codename": "delete_permission"
    }
  },
  {
    "model": "auth.permission",
    "pk": 8,
    "fields": {
      "name": "Can view permission",
      "content_type": 2,
      "codename": "view_permission"
    }
  },
  {
    "model": "auth.permission",
    "pk": 9,
    "fields": {
      "name": "Can add group",
      "content_type": 3,
      "codename": "add_group"
    }
  },
  {
    "model": "auth.permission",
    "pk": 10,
    "fields": {
      "name": "Can change group",
      "content_type": 3,
      "codename": "change_group"
    }
  },
  {
    "model": "auth.permission",
    "pk": 11,
    "fields": {
      "name": "Can delete group",
      "content_type": 3,
      "codename": "delete_group"
    }
  },
  {
    "model": "auth.permission",
    "pk": 12,
    "fields": {
      "name": "Can view group",
      "content_type": 3,
      "codename": "view_group"
    }
  },
  {
    "model": "auth.permission",
    "pk": 13,
    "fields": {
      "name": "Can add user",
      "content_type": 4,
      "codename": "add_user"
    }
  },
  {
    "model": "auth.permission",
    "pk": 14,
    "fields": {
      "name": "Can change user",
      "content_type": 4,
      "codename": "change_user"
    }
  },
  {
    "model": "auth.permission",
    "pk": 15,
    "fields": {
      "name": "Can delete user",
      "content_type": 4,
      "codename": "delete_user"
    }
  },
  {
    "model": "auth.permission",
    "pk": 16,
    "fields": {
      "name": "Can view user",
      "content_type": 4,
      "codename": "view_user"
    }
  },
  {
    "model": "auth.permission",
    "pk": 17,
    "fields": {
      "name": "Can add content type",
      "content_type": 5,
      "codename": "add_contenttype"
    }
  },
  {
    "model": "auth.permission",
    "pk": 18,
    "fields": {
      "name": "Can change content type",
      "content_type": 5,
      "codename": "change_contenttype"
    }
  },
  {
    "model": "auth.permission",
    "pk": 19,
    "fields": {
      "name": "Can delete content type",
      "content_type": 5,
      "codename": "delete_contenttype"
    }
  },
  {
    "model": "auth.permission",
    "pk": 20,
    "fields": {
      "name": "Can view content type",
      "content_type": 5,
      "codename": "view_contenttype"
    }
  },
  {
    "model": "auth.permission",
    "pk": 21,
    "fields": {
      "name": "Can add session",
      "content_type": 6,
      "codename": "add_session"
    }
  },
  {
    "model": "auth.permission",
    "pk": 22,
    "fields": {
      "name": "Can change session",
      "content_type": 6,
      "codename": "change_session"
    }
  },
  {
    "model": "auth.permission",
    "pk": 23,
    "fields": {
      "name": "Can delete session",
      "content_type": 6,
      "codename": "delete_session"
    }
  },
  {
    "model": "auth.permission",
    "pk": 24,
    "fields": {
      "name": "Can view session",
      "content_type": 6,
      "codename": "view_session"
    }
  },
  {
    "model": "auth.permission",
    "pk": 25,
    "fields": {
      "name": "Can add course",
      "content_type": 7,
      "codename": "add_course"
    }
  },
  {
    "model": "auth.permission",
    "pk": 26,
    "fields": {
      "name": "Can change course",
      "content_type": 7,
      "codename": "change_course"
    }
  },
  {
    "model": "auth.permission",
    "pk": 27,
    "fields": {
      "name": "Can delete course",
      "content_type": 7,
      "codename": "delete_course"
    }
  },
  {
    "model": "auth.permission",
    "pk": 28,
    "fields": {
      "name": "Can view course",
      "content_type": 7,
      "codename": "view_course"
    }
  },
  {
    "model": "auth.permission",
    "pk": 29,
    "fields": {
      "name": "Can add topic",
      "content_type": 8,
      "codename": "add_topic"
    }
  },
  {
    "model": "auth.permission",
    "pk": 30,
    "fields": {
      "name": "Can change topic",
      "content_type": 8,
      "codename": "change_topic"
    }
  },
  {
    "model": "auth.permission",
    "pk": 31,
    "fields": {
      "name": "Can delete topic",
      "content_type": 8,
      "codename": "delete_topic"
    }
  },
  {
    "model": "auth.permission",
    "pk": 32,
    "fields": {
      "name": "Can view topic",
      "content_type": 8,
      "codename": "view_topic"
    }
  },
  {
    "model": "auth.permission",
    "pk": 33,
    "fields": {
      "name": "Can add user",
      "content_type": 9,
      "codename": "add_student"
    }
  },
  {
    "model": "auth.permission",
    "pk": 34,
    "fields": {
      "name": "Can change user",
      "content_type": 9,
      "codename": "change_student"
    }
  },
  {
    "model": "auth.permission",
    "pk": 35,
    "fields": {
      "name": "Can delete user",
      "content_type": 9,
      "codename": "delete_student"
    }
  },
  {
    "model": "auth.permission",
    "pk": 36,
    "fields": {
      "name": "Can view user",
      "content_type": 9,
      "codename": "view_student"
    }
  },
  {
    "model": "auth.permission",
    "pk": 37,
    "fields": {
      "name": "Can add order",
      "content_type": 10,
      "codename": "add_order"
    }
  },
  {
    "model": "auth.permission",
    "pk": 38,
    "fields": {
      "name": "Can change order",
      "content_type": 10,
      "codename": "change_order"
    }
  },
  {
    "model": "auth.permission",
    "pk": 39,
    "fields": {
      "name": "Can delete order",
      "content_type": 10,
      "codename": "delete_order"
    }
  },
  {
    "model": "auth.permission",
    "pk": 40,
    "fields": {
      "name": "Can view order",
      "content_type": 10,
      "codename": "view_order"
    }
  },
  {
    "model": "auth.permission",
    "pk": 41,
    "fields": {
      "name": "Can add review",
      "content_type": 11,
      "codename": "add_review"
    }
  },
  {
    "model": "auth.permission",
    "pk": 42,
    "fields": {
      "name": "Can change review",
      "content_type": 11,
      "codename": "change_review"
    }
  },
  {
    "model": "auth.permission",
    "pk": 43,
    "fields": {
      "name": "Can delete review",
      "content_type": 11,
      "codename": "delete_review"
    }
  },
  {
    "model": "auth.permission",
    "pk": 44,
    "fields": {
      "name": "Can view review",
      "content_type": 11,
      "codename": "view_review"
    }
  },
  {
    "model": "auth.user",
    "pk": 1,
    "fields": {
      "password": "pbkdf2_sha256$216000$kbh70NO3FkKj$Dxhd+MKmiMyF7NofxY1t4eIWtr2UTbaD/bMBy4N33MM=",
      "last_login": "2020-12-14T20:12:52.312Z",
      "is_superuser": true,
      "username": "imananoosheh",
      "first_name": "Iman",
      "last_name": "",
      "email": "anooshe@uwindsor.ca",
      "is_staff": true,
      "is_active": true,
      "date_joined": "2020-10-08T13:48:53Z",
      "groups": [],
      "user_permissions": []
    }
  },
  {
    "model": "auth.user",
    "pk": 2,
    "fields": {
      "password": "1234",
      "last_login": "2020-10-13T01:01:04Z",
      "is_superuser": false,
      "username": "john",
      "first_name": "John",
      "last_name": "Smith",
      "email": "",
      "is_staff": false,
      "is_active": true,
      "date_joined": "2020-10-13T01:00:09Z",
      "groups": [],
      "user_permissions": []
    }
  },
  {
    "model": "auth.user",
    "pk": 3,
    "fields": {
      "password": "1234",
      "last_login": "2020-10-13T01:14:12Z",
      "is_superuser": false,
      "username": "mary",
      "first_name": "Mary",
      "last_name": "Jones",
      "email": "",
      "is_staff": false,
      "is_active": true,
      "date_joined": "2020-10-13T01:14:06Z",
      "groups": [],
      "user_permissions": [
        9,
        10,
        11,
        12,
        5,
        6,
        7,
        8
      ]
    }
  },
  {
    "model": "auth.user",
    "pk": 4,
    "fields": {
      "password": "pbkdf2_sha256$216000$3Kt6oESNdnZ5$/Vv3M5nX6IGATcEqC5MDLLwEuVgxtsSU3qKvesLwtpw=",
      "last_login": "2020-12-14T20:23:24.831Z",
      "is_superuser": false,
      "username": "alan",
      "first_name": "Alan",
      "last_name": "George",
      "email": "",
      "is_staff": false,
      "is_active": true,
      "date_joined": "2020-10-13T01:16:30Z",
      "groups": [],
      "user_permissions": []
    }
  },
  {
    "model": "auth.user",
    "pk": 5,
    "fields": {
      "password": "1234",
      "last_login": null,
      "is_superuser": false,
      "username": "josh",
      "first_name": "Josh",
      "last_name": "Jones",
      "email": "",
      "is_staff": false,
      "is_active": true,
      "date_joined": "2020-10-13T01:17:36Z",
      "groups": [],
      "user_permissions": []
    }
  },
  {
    "model": "auth.user",
    "pk": 6,
    "fields": {
      "password": "1234",
      "last_login": "2020-10-13T01:18:31Z",
      "is_superuser": false,
      "username": "chris",
      "first_name": "Chris",
      "last_name": "Hall",
      "email": "",
      "is_staff": false,
      "is_active": true,
      "date_joined": "2020-10-13T01:18:27Z",
      "groups": [],
      "user_permissions": []
    }
  },
  {
    "model": "contenttypes.contenttype",
    "pk": 1,
    "fields": {
      "app_label": "admin",
      "model": "logentry"
    }
  },
  {
    "model": "contenttypes.contenttype",
    "pk": 2,
    "fields": {
      "app_label": "auth",
      "model": "permission"
    }
  },
  {
    "model": "contenttypes.contenttype",
    "pk": 3,
    "fields": {
      "app_label": "auth",
      "model": "group"
    }
  },
  {
    "model": "contenttypes.contenttype",
    "pk": 4,
    "fields": {
      "app_label": "auth",
      "model": "user"
    }
  },
  {
    "model": "contenttypes.contenttype",
    "pk": 5,
    "fields": {
      "app_label": "contenttypes",
      "model": "contenttype"
    }
  },
  {
    "model": "contenttypes.contenttype",
    "pk": 6,
    "fields": {
      "app_label": "sessions",
      "model": "session"
    }
  },
  {
    "model": "contenttypes.contenttype",
    "pk": 7,
    "fields": {
      "app_label": "myapp",
      "model": "course"
    }
  },
  {
    "model": "contenttypes.contenttype",
    "pk": 8,
    "fields": {
      "app_label": "myapp",
      "model": "topic"
    }
  },
  {
    "model": "contenttypes.contenttype",
    "pk": 9,
    "fields": {
      "app_label": "myapp",
      "model": "student"
    }
  },
  {
    "model": "contenttypes.contenttype",
    "pk": 10,
    "fields": {
      "app_label": "myapp",
      "model": "order"
    }
  },
  {
    "model": "contenttypes.contenttype",
    "pk": 11,
    "fields": {
      "app_label": "myapp",
      "model": "review"
    }
  },
  {
    "model": "sessions.session",
    "pk": "0vleym33lwtxe4oun96mathymk5n6acy",
    "fields": {
      "session_data": ".eJxVjE0OwiAYBe_C2pACRcCle89Avj-laiAp7cp4d23ShW7fzLyXyrAuJa9d5jyxOimjDr8bAj2kboDvUG9NU6vLPKHeFL3Tri-N5Xne3b-DAr18a3J2FLRsEg2UkjsmNM56Q0MkM7LINQX0PgYWC4TIgNEzMadAgR2p9wftmjj0:1kQWSB:eLrK6yX5NCmgQFsOW4ZtMg3IdM6zFIE7JeVJnb7Iw9M",
      "expire_date": "2020-10-22T13:59:31.048Z"
    }
  },
  {
    "model": "sessions.session",
    "pk": "1xuj8vzpngur2opa3xmabzycpk9fuyna",
    "fields": {
      "session_data": "e30:1knscJ:HICOUeMNUnB4jXSUFCBc7BZVWZynSNTMRwAccKGQt7c",
      "expire_date": "2020-12-26T00:18:31.236Z"
    }
  },
  {
    "model": "sessions.session",
    "pk": "26uiat29pvupj4izbzu8w7hrowfkydek",
    "fields": {
      "session_data": ".eJxVjcsOwiAURP-FtSGXC-XRpXu_gUAhFjVgCjUa479Lky50e2bmzJtYt7bZrjUuNgUyEkEOv8y76RrzFoSLy-dCp5LbkjzdKnRPKz2VEG_HvfsnmF2d-9ojOI2gjGDGAAeBEo0aNBMMB4zOMwnaRJyCHKQHIRXqwLUyXoJDxbvU-bI2-0g1tUpG3l9qrDWVbOPznpZXZwCfL8QCQyw:1knsIZ:oePVDWBl_MZNG8jc0eoZbRtRP3jNmVOBT4Sx0OMnE1M",
      "expire_date": "2020-12-12T00:03:07.196Z"
    }
  },
  {
    "model": "sessions.session",
    "pk": "29imrit98wimq5x6rasrgtnczbzpst5y",
    "fields": {
      "session_data": ".eJxVjctuwyAQRX-lYt2QYXh72X2-AYFBMa0LFjhSoqj_Xixlk81dzD1z7pOUdN_JRM6_D79tI2uLqfUz-STO3_bF3XpqLseBiPdb8PNPKkcRv325VjrXsrcc6IHQV9vppca0fr3YN8Hi-zK-A4I3CNoKZi1wEKjQammYYCgx-cAUGJtwjkqqAEJpNJEbbYMCj5oP6er77tZ6zWX4EBBODE9MfDA5IZ9QUMG4ZfKY76n3XItL9y23B5kUAPz9A_0tUGY:1kouNQ:6b-Eq8UchELM33Guq4F80ZxE2Q5Nmy6eFudzcfLXU50",
      "expire_date": "2020-12-14T22:03:24.842Z"
    }
  },
  {
    "model": "sessions.session",
    "pk": "3z9ehtjyitf80s35ovy4hek7wcoyi3py",
    "fields": {
      "session_data": "eyJuZXh0IjoiLyJ9:1koto8:8Moc002SYj2slC1ZOvQXTMUjcGgj4HlDS0EcFzVApKc",
      "expire_date": "2020-12-28T19:46:56.734Z"
    }
  },
  {
    "model": "sessions.session",
    "pk": "6bzg798jpm9mfej2lg4ar9qbeqxp8scv",
    "fields": {
      "session_data": "eyJuZXh0IjoiLyJ9:1kotnV:IqOY_GvxZgutsnMTGjwtYzOWv5aoJjDuGiYX6xyIYps",
      "expire_date": "2020-12-28T19:46:17.820Z"
    }
  },
  {
    "model": "sessions.session",
    "pk": "86hws8bvhuh4zcko9fxq8coixvo23on5",
    "fields": {
      "session_data": "e30:1koslo:r64sl0yLNWbXRx3fFOo2bWMw33PYJAdEiTi9hiMgG_g",
      "expire_date": "2020-12-28T18:40:28.094Z"
    }
  },
  {
    "model": "sessions.session",
    "pk": "8hug0ymfaca2hap3etzuxql86abala95",
    "fields": {
      "session_data": ".eJxVjUEOwiAURK9iWCv5fOgHunTvGQgUYtEGTKmJxnh328SFbufNvHkx5-_L6O4tzS5H1jPF9r9Z8MM1lQ3Eiy_nyodaljkHvlX4lzZ-qjFNx2_3TzD6Nq7rgOANgrZKWAsSFBJa3RmhBHaYfBAExiYcInUUQJFGE6XRNhB41HKVTr4tbqrnXFYfAsJB4EGInbA9Ui81l0CSzHbfUmu5Fpcetzw_WU8A8P4AXfRHmw:1knsk9:kc6fOKXXT_sAwhzW-S6AMEXS48VAgk5ph82qvO7EZxM",
      "expire_date": "2020-12-12T02:06:37.830Z"
    }
  },
  {
    "model": "sessions.session",
    "pk": "8uerx9fgvfq08nakaiqjiy4l7j4ee7a8",
    "fields": {
      "session_data": "eyJuZXh0IjoiLyJ9:1kotzz:gWDv_q-i2H2paW08AnZvPQIf_rGctWmtQxQiifcCpAw",
      "expire_date": "2020-12-28T19:59:11.011Z"
    }
  },
  {
    "model": "sessions.session",
    "pk": "f1hcbbjyhp65pipmtiqvmg65dmx8cnrt",
    "fields": {
      "session_data": "eyJhYm91dF92aXNpdHMiOjEwLCJfc2Vzc2lvbl9leHBpcnkiOjMwMH0:1kmnr9:Q8jh14uQM3U7xhXIwXo9Vfb6omxra3WgnGIHCMDh7NQ",
      "expire_date": "2020-12-09T01:06:23.782Z"
    }
  },
  {
    "model": "sessions.session",
    "pk": "f1spzjsaudiuycpfz6jq2jydd4wt7krw",
    "fields": {
      "session_data": ".eJxVjcsOwiAURH_FsFZy74Xy6NK930CgEIs2YEpNNMZ_t01c6HbOzJkXc_6-jO7e0uxyZD2TbP-bBT9cU9lAvPhyrnyoZZlz4FuFf2njpxrTdPx2_wSjb-O6DgTeEGgr0VoQIEmR1Z1BidRR8gEVGJtoiKpTAaTSZKIw2gYFnrRYpZNvi5vqOZfVR0BwQDqg2KHuhexRcguApLb7llrLtbj0uOX5yXoFAO8PXGRHjQ:1koZwV:hKlbE68NeUnujHyUGeDTgZDGxXt_2HLXHGvnt9lOF8U",
      "expire_date": "2020-12-14T00:14:15.256Z"
    }
  },
  {
    "model": "sessions.session",
    "pk": "gdva0iwdpagvl0epq20eb1617pkk63ys",
    "fields": {
      "session_data": "eyJuZXh0IjoiLyJ9:1kotyo:J-OwDHHnggY93nPvAVo_LAqNPy6v3h0N4xtHyodZqJQ",
      "expire_date": "2020-12-28T19:57:58.435Z"
    }
  },
  {
    "model": "sessions.session",
    "pk": "i9mq8idr3ob3jd2haof7tbsqzh2dkj98",
    "fields": {
      "session_data": "eyJuZXh0IjoiL215YXBwL215YWNjb3VudC8ifQ:1kotlF:fZATW9ut93fmZhyTUK6hHcOh6QWa8BGbjKyWWFaIcXM",
      "expire_date": "2020-12-28T19:43:57.050Z"
    }
  },
  {
    "model": "sessions.session",
    "pk": "l9tg964wjutdtt37atwgkksuxjqjgg74",
    "fields": {
      "session_data": ".eJxVjMsOwiAURP-FtSGh3vJw6d5vIAOXStVAUtqV8d-lSRe6mcWZM_MWHtua_dbS4mcWF6HE6ZcFxGcqe8EPlHuVsZZ1mYPcFXm0Td4qp9f1cP8OMlru6xETGAhOG4IiYrbWaoeeMM4EthzPiXgAMJAOZMnRaCenNEwH4vMF_tM38g:1koBx2:gSHxflXl6wrSiZhSxbV71oGfSLzQpekjfy5dubDpgsg",
      "expire_date": "2020-12-26T20:57:12.418Z"
    }
  },
  {
    "model": "sessions.session",
    "pk": "ljq8xy5tpbb45f2xsyffdyvtk36ozzeh",
    "fields": {
      "session_data": "e30:1kosPX:N2SYfN08MIfd_N4iFTwMsvpmgd8MlbRWkvSTBsPZrUM",
      "expire_date": "2020-12-28T18:17:27.508Z"
    }
  },
  {
    "model": "sessions.session",
    "pk": "ptyt60k33kcp6z3zmd88qvoala995hxq",
    "fields": {
      "session_data": "eyJhYm91dF92aXNpdHMiOjEsIl9zZXNzaW9uX2V4cGlyeSI6MzAwfQ:1kmnrG:m0Vfw51o39woU4opELXi8d3scYKi_Z_JvX7F6B10odE",
      "expire_date": "2020-12-09T01:06:30.838Z"
    }
  },
  {
    "model": "sessions.session",
    "pk": "rf8qxhrz7lhrw09iyn624vo0bw8s0hpq",
    "fields": {
      "session_data": "eyJuZXh0IjoiLyJ9:1kouDQ:bZHnch78_XfBi1wun3r-qh7sowtCYvABz-h__DUwcOE",
      "expire_date": "2020-12-28T20:13:04.318Z"
    }
  },
  {
    "model": "sessions.session",
    "pk": "rttlum6t41fv021xazye6sbd0cab0ovb",
    "fields": {
      "session_data": ".eJxVjEEOwiAURK9iWCv5_NIPdOneMxAoxKINmNImGuPdbZMuNJnVzJv3ZtYt82CXGiebAuuYZMffzrv-HvM2hJvL18L7kucpeb4hfF8rv5QQx_PO_gkGV4f17RGcRlBGCmOgAYmERrVaSIEtRucFgTYR-0AteZCkUIdGK-MJHKpmlY6uznYs15RXHwLCSeCag9CdNJ1oOQE1uJG2xlpTyTY-H2l6sY4A4PMFXZZHlg:1koEdY:EMpNkGKpyFSyludTHE034cInxAo2z6wgr8xiJmoH5oo",
      "expire_date": "2020-12-13T01:29:16.007Z"
    }
  },
  {
    "model": "sessions.session",
    "pk": "t16c7ev74hkg2w8wp6geqn2cbztzjrl7",
    "fields": {
      "session_data": "e30:1kosNm:ZpwIZbV-Uf4DvZ1A_B1-vrXOfQ3tWSJBy88YJiFddAI",
      "expire_date": "2020-12-28T18:15:38.727Z"
    }
  },
  {
    "model": "sessions.session",
    "pk": "tizqjzrdk81x0k4rvv6qq57v33kdji0q",
    "fields": {
      "session_data": "e30:1kosji:_8GZXxfiEcsrMMmHfZcVLIkfsD2m5x02leFONSBd2Ow",
      "expire_date": "2020-12-28T18:38:18.224Z"
    }
  },
  {
    "model": "sessions.session",
    "pk": "viib798yttdfbddyxyvqs0e8g4t65fel",
    "fields": {
      "session_data": "eyJuZXh0IjoiL215YXBwL215YWNjb3VudC8ifQ:1kotmk:tAvZzipxUhd_bAaG7r2xa7VIpDGkfvvjWLAlN2_Iio8",
      "expire_date": "2020-12-28T19:45:30.576Z"
    }
  },
  {
    "model": "sessions.session",
    "pk": "vuod1ua6m3qv5kri84zqt9j0mv978l7c",
    "fields": {
      "session_data": ".eJxVjcsOwiAURP-FtWkuF8qjS_d-A7kUYlEDplCjMf67bdKFbufMnHkzR0ub3FLj7FJgA5Ps8Jt5Gq8xbyBcKJ9LN5bc5uS7rdLttHanEuLtuHf_BBPVaV17BDII2kpuLQiQqNDq3nDJscdIniswNuIYVK88SKXRBGG09QoItVil5MvS3CPV1CobOKw3NdaaSnbxeU_ziw0C4PMFA25DWg:1kmnqV:JCefWgBZksM1IRxGst6vJHuiYtS_TLlTih0wgimWFrk",
      "expire_date": "2020-12-09T01:05:43.788Z"
    }
  },
  {
    "model": "sessions.session",
    "pk": "xkawm5w9kq0fbn487e2h5r8ae0txu0jx",
    "fields": {
      "session_data": ".eJxVjMsOwiAURP-FtSGh3vJw6d5vIAOXStVAUtqV8d-lSRe6mcWZM_MWHtua_dbS4mcWF6HE6ZcFxGcqe8EPlHuVsZZ1mYPcFXm0Td4qp9f1cP8OMlru6xETGAhOG4IiYrbWaoeeMM4EthzPiXgAMJAOZMnRaCenNEwH4vMF_tM38g:1kZmNv:xcnB6qYup8v55ZHieJx9aweOZw0cb5jrL36NSU9siw0",
      "expire_date": "2020-11-17T02:49:23.772Z"
    }
  },
  {
    "model": "myapp.topic",
    "pk": 1,
    "fields": {
      "name": "Web Development",
      "length": 10
    }
  },
  {
    "model": "myapp.topic",
    "pk": 2,
    "fields": {
      "name": "Management",
      "length": 12
    }
  },
  {
    "model": "myapp.topic",
    "pk": 3,
    "fields": {
      "name": "IT Certification",
      "length": 14
    }
  },
  {
    "model": "myapp.topic",
    "pk": 4,
    "fields": {
      "name": "Sports",
      "length": 8
    }
  },
  {
    "model": "myapp.topic",
    "pk": 5,
    "fields": {
      "name": "Economics",
      "length": 12
    }
  },
  {
    "model": "myapp.course",
    "pk": 1,
    "fields": {
      "title": "CCNA",
      "topic": 3,
      "price": "199.99",
      "for_everyone": false,
      "description": "",
      "num_reviews": 0
    }
  },
  {
    "model": "myapp.course",
    "pk": 2,
    "fields": {
      "title": "AWS",
      "topic": 3,
      "price": "119.99",
      "for_everyone": true,
      "description": "",
      "num_reviews": 0
    }
  },
  {
    "model": "myapp.course",
    "pk": 3,
    "fields": {
      "title": "CompTIA Security",
      "topic": 3,
      "price": "139.99",
      "for_everyone": false,
      "description": "",
      "num_reviews": 1
    }
  },
  {
    "model": "myapp.course",
    "pk": 4,
    "fields": {
      "title": "Oracle SQL",
      "topic": 3,
      "price": "159.99",
      "for_everyone": false,
      "description": "",
      "num_reviews": 0
    }
  },
  {
    "model": "myapp.course",
    "pk": 5,
    "fields": {
      "title": "Microeconomics",
      "topic": 5,
      "price": "199.99",
      "for_everyone": false,
      "description": "",
      "num_reviews": 0
    }
  },
  {
    "model": "myapp.course",
    "pk": 6,
    "fields": {
      "title": "Introduction to Economics",
      "topic": 5,
      "price": "174.99",
      "for_everyone": true,
      "description": "",
      "num_reviews": 0
    }
  },
  {
    "model": "myapp.course",
    "pk": 7,
    "fields": {
      "title": "Global Economics",
      "topic": 5,
      "price": "149.99",
      "for_everyone": true,
      "description": "",
      "num_reviews": 2
    }
  },
  {
    "model": "myapp.course",
    "pk": 8,
    "fields": {
      "title": "Web Dev Bootcamp",
      "topic": 1,
      "price": "199.99",
      "for_everyone": true,
      "description": "",
      "num_reviews": 0
    }
  },
  {
    "model": "myapp.course",
    "pk": 9,
    "fields": {
      "title": "Web Design",
      "topic": 1,
      "price": "159.99",
      "for_everyone": false,
      "description": "",
      "num_reviews": 0
    }
  },
  {
    "model": "myapp.course",
    "pk": 10,
    "fields": {
      "title": "Web Development Mastercalss",
      "topic": 1,
      "price": "124.99",
      "for_everyone": true,
      "description": "",
      "num_reviews": 0
    }
  },
  {
    "model": "myapp.course",
    "pk": 11,
    "fields": {
      "title": "Build Responsive Websites",
      "topic": 1,
      "price": "149.99",
      "for_everyone": false,
      "description": "",
      "num_reviews": 0
    }
  },
  {
    "model": "myapp.course",
    "pk": 12,
    "fields": {
      "title": "Innovation for Business",
      "topic": 2,
      "price": "174.99",
      "for_everyone": true,
      "description": "",
      "num_reviews": 0
    }
  },
  {
    "model": "myapp.course",
    "pk": 13,
    "fields": {
      "title": "Leadership Skills",
      "topic": 2,
      "price": "184.99",
      "for_everyone": true,
      "description": "",
      "num_reviews": 0
    }
  },
  {
    "model": "myapp.course",
    "pk": 14,
    "fields": {
      "title": "Project Management",
      "topic": 2,
      "price": "149.99",
      "for_everyone": true,
      "description": "",
      "num_reviews": 0
    }
  },
  {
    "model": "myapp.course",
    "pk": 15,
    "fields": {
      "title": "Sports Psychology",
      "topic": 4,
      "price": "174.99",
      "for_everyone": true,
      "description": "",
      "num_reviews": 0
    }
  },
  {
    "model": "myapp.course",
    "pk": 16,
    "fields": {
      "title": "Introduction to Soccer",
      "topic": 4,
      "price": "98.41",
      "for_everyone": true,
      "description": "",
      "num_reviews": 0
    }
  },
  {
    "model": "myapp.course",
    "pk": 17,
    "fields": {
      "title": "Swimming Guide for Beginners",
      "topic": 4,
      "price": "89.99",
      "for_everyone": true,
      "description": "",
      "num_reviews": 0
    }
  },
  {
    "model": "myapp.student",
    "pk": 2,
    "fields": {
      "level": "HS",
      "address": "123 University Avenue",
      "province": "ON",
      "registered_courses": [
        4,
        8
      ],
      "interested_in": [
        1,
        2,
        3
      ]
    }
  },
  {
    "model": "myapp.student",
    "pk": 3,
    "fields": {
      "level": "UG",
      "address": "235 Sunset Avenue",
      "province": "BC",
      "registered_courses": [
        10,
        11,
        12,
        15,
        16
      ],
      "interested_in": [
        2,
        5
      ]
    }
  },
  {
    "model": "myapp.student",
    "pk": 4,
    "fields": {
      "level": "ND",
      "address": "306 Prince Street",
      "province": "AB",
      "registered_courses": [
        2,
        3,
        4,
        5,
        6,
        7,
        8,
        9,
        10
      ],
      "interested_in": [
        2,
        3,
        4
      ]
    }
  },
  {
    "model": "myapp.student",
    "pk": 5,
    "fields": {
      "level": "PG",
      "address": "442 Sunset Avenue",
      "province": "QC",
      "registered_courses": [],
      "interested_in": [
        3,
        4,
        5
      ]
    }
  },
  {
    "model": "myapp.student",
    "pk": 6,
    "fields": {
      "level": "HS",
      "address": "987 King Street",
      "province": "ON",
      "registered_courses": [
        1,
        2,
        5,
        6,
        7,
        11,
        12,
        13,
        14
      ],
      "interested_in": [
        1
      ]
    }
  },
  {
    "model": "myapp.student",
    "pk": 7,
    "fields": {
      "level": "HS",
      "address": "someaddress",
      "province": "ON",
      "registered_courses": [],
      "interested_in": []
    }
  },
  {
    "model": "myapp.student",
    "pk": 8,
    "fields": {
      "level": "UG",
      "address": "asdasdasdasdasdasdasdasdasdasdasdadasdasd",
      "province": "ON",
      "registered_courses": [],
      "interested_in": []
    }
  },
  {
    "model": "myapp.student",
    "pk": 9,
    "fields": {
      "level": "PG",
      "address": "askin, windsor",
      "province": "ON",
      "registered_courses": [],
      "interested_in": []
    }
  },
  {
    "model": "myapp.student",
    "pk": 10,
    "fields": {
      "level": "PG",
      "address": "chatam",
      "province": "ON",
      "registered_courses": [],
      "interested_in": []
    }
  },
  {
    "model": "myapp.student",
    "pk": 11,
    "fields": {
      "level": "ND",
      "address": "lamington",
      "province": "ON",
      "registered_courses": [],
      "interested_in": []
    }
  },
  {
    "model": "myapp.order",
    "pk": 28,
    "fields": {
      "student": 6,
      "order_status": 1,
      "order_date": "2020-12-04",
      "total_price": "0.00",
      "courses": []
    }
  },
  {
    "model": "myapp.order",
    "pk": 29,
    "fields": {
      "student": 4,
      "order_status": 1,
      "order_date": "2020-12-08",
      "total_price": "0.00",
      "courses": []
    }
  },
  {
    "model": "myapp.order",
    "pk": 30,
    "fields": {
      "student": 2,
      "order_status": 1,
      "order_date": "2020-12-08",
      "total_price": "0.00",
      "courses": []
    }
  },
  {
    "model": "myapp.order",
    "pk": 31,
    "fields": {
      "student": 4,
      "order_status": 1,
      "order_date": "2020-12-11",
      "total_price": "0.00",
      "courses": []
    }
  },
  {
    "model": "myapp.order",
    "pk": 32,
    "fields": {
      "student": 4,
      "order_status": 1,
      "order_date": "2020-12-13",
      "total_price": "0.00",
      "courses": []
    }
  },
  {
    "model": "myapp.order",
    "pk": 33,
    "fields": {
      "student": 4,
      "order_status": 2,
      "order_date": "2020-12-13",
      "total_price": "0.00",
      "courses": []
    }
  },
  {
    "model": "myapp.review",
    "pk": 1,
    "fields": {
      "reviewer": "SKDAS@LAKMDSA.COM",
      "course": 1,
      "rating": 4,
      "comments": "",
      "date": "2020-12-08"
    }
  },
  {
    "model": "myapp.review",
    "pk": 2,
    "fields": {
      "reviewer": "SKDAS@LAKMDSA.COM",
      "course": 5,
      "rating": 3,
      "comments": "jhjhgjhg",
      "date": "2020-12-08"
    }
  },
  {
    "model": "myapp.review",
    "pk": 3,
    "fields": {
      "reviewer": "you@info.net",
      "course": 7,
      "rating": 5,
      "comments": "something something",
      "date": "2020-12-08"
    }
  },
  {
    "model": "myapp.review",
    "pk": 4,
    "fields": {
      "reviewer": "you@info.net",
      "course": 7,
      "rating": 3,
      "comments": "asdasdasd",
      "date": "2020-12-08"
    }
  },
  {
    "model": "myapp.review",
    "pk": 5,
    "fields": {
      "reviewer": "you@info.net",
      "course": 2,
      "rating": 5,
      "comments": "asdasdasd",
      "date": "2020-12-08"
    }
  },
  {
    "model": "myapp.review",
    "pk": 6,
    "fields": {
      "reviewer": "you@info.net",
      "course": 1,
      "rating": 3,
      "comments": "asdasdasdasd",
      "date": "2020-12-08"
    }
  },
  {
    "model": "myapp.review",
    "pk": 7,
    "fields": {
      "reviewer": "you@info.net",
      "course": 1,
      "rating": 3,
      "comments": "asdasdasdasd",
      "date": "2020-12-08"
    }
  },
  {
    "model": "myapp.review",
    "pk": 8,
    "fields": {
      "reviewer": "you@info.net",
      "course": 1,
      "rating": 5,
      "comments": "adsasdasdasd",
      "date": "2020-12-08"
    }
  },
  {
    "model": "myapp.review",
    "pk": 9,
    "fields": {
      "reviewer": "you@info.net",
      "course": 7,
      "rating": 4,
      "comments": "rfgsdthdszfgdfgsdfgsdfg",
      "date": "2020-12-08"
    }
  },
  {
    "model": "myapp.review",
    "pk": 10,
    "fields": {
      "reviewer": "you@info.net",
      "course": 2,
      "rating": 5,
      "comments": "sdfhasfdkjhasjdf",
      "date": "2020-12-08"
    }
  },
  {
    "model": "myapp.review",
    "pk": 11,
    "fields": {
      "reviewer": "you@info.net",
      "course": 3,
      "rating": 4,
      "comments": "sfgrgdfg",
      "date": "2020-12-08"
    }
  },
  {
    "model": "myapp.review",
    "pk": 12,
    "fields": {
      "reviewer": "you@info.net",
      "course": 7,
      "rating": 3,
      "comments": "asdasdasd",
      "date": "2020-12-08"
    }
  },
  {
    "model": "myapp.review",
    "pk": 13,
    "fields": {
      "reviewer": "SKDAS@LAKMDSA.COM",
      "course": 7,
      "rating": 5,
      "comments": "sfdkjdsf;kgsmdifgmsldfmkgsdfg",
      "date": "2020-12-08"
    }
  }
]